{"cameraMode":{"drawMode":0,"name":"Shaded","section":"Shading Mode"},"sceneLighting":false,"audioPlay":false,"sceneViewState":{"showFog":true,"showMaterialUpdate":false,"showSkybox":false,"showFlares":true,"showImageEffects":true,"showParticleSystems":true},"in2DMode":false,"pivot":{"x":0.48362934589385989,"y":1.008906602859497,"z":-1.1612193584442139},"rotation":{"x":-0.004527350887656212,"y":-0.9948319792747498,"z":0.05017615109682083,"w":-0.0886545404791832},"size":1.428820013999939,"orthographic":false}