{"cameraMode":{"drawMode":0,"name":"Shaded","section":"Shading Mode"},"sceneLighting":false,"audioPlay":false,"sceneViewState":{"showFog":true,"showMaterialUpdate":false,"showSkybox":false,"showFlares":true,"showImageEffects":true,"showParticleSystems":true},"in2DMode":false,"pivot":{"x":0.006400361657142639,"y":1.500000238418579,"z":0.014227315783500672},"rotation":{"x":0.1647610068321228,"y":0.00971767958253622,"z":-0.0016238274984061719,"w":0.9862828254699707},"size":1.6583125591278077,"orthographic":false}