{"cameraMode":{"drawMode":0,"name":"Shaded","section":"Shading Mode"},"sceneLighting":false,"audioPlay":false,"sceneViewState":{"showFog":true,"showMaterialUpdate":false,"showSkybox":false,"showFlares":true,"showImageEffects":true,"showParticleSystems":true},"in2DMode":false,"pivot":{"x":1.04972243309021,"y":0.10739050060510636,"z":-1.0634711980819703},"rotation":{"x":0.5425906181335449,"y":0.17250926792621613,"z":-0.11506087332963944,"w":0.8140944838523865},"size":1.7024942636489869,"orthographic":false}