{"cameraMode":{"drawMode":0,"name":"Shaded","section":"Shading Mode"},"sceneLighting":false,"audioPlay":false,"sceneViewState":{"showFog":true,"showMaterialUpdate":false,"showSkybox":false,"showFlares":true,"showImageEffects":true,"showParticleSystems":true},"in2DMode":false,"pivot":{"x":-0.0008804798126220703,"y":2.145972490310669,"z":0.08535748720169068},"rotation":{"x":0.40492409467697146,"y":0.005486424081027508,"z":-0.002430103486403823,"w":0.9143441319465637},"size":3.545048475265503,"orthographic":false}