{"cameraMode":{"drawMode":0,"name":"Shaded","section":"Shading Mode"},"sceneLighting":false,"audioPlay":false,"sceneViewState":{"showFog":true,"showMaterialUpdate":false,"showSkybox":false,"showFlares":true,"showImageEffects":true,"showParticleSystems":true},"in2DMode":false,"pivot":{"x":0.007657468318939209,"y":0.5227197408676148,"z":0.014889389276504517},"rotation":{"x":-0.12572188675403596,"y":-0.6870713233947754,"z":0.12244153767824173,"w":-0.7051402926445007},"size":0.7250936031341553,"orthographic":false}