{"cameraMode":{"drawMode":0,"name":"Shaded","section":"Shading Mode"},"sceneLighting":false,"audioPlay":false,"sceneViewState":{"showFog":true,"showMaterialUpdate":false,"showSkybox":false,"showFlares":true,"showImageEffects":true,"showParticleSystems":true},"in2DMode":false,"pivot":{"x":0.006400167942047119,"y":0.16414505243301392,"z":0.014230966567993164},"rotation":{"x":-0.12572188675403596,"y":-0.6870713233947754,"z":0.12244153767824173,"w":-0.7051402926445007},"size":1.1072431802749634,"orthographic":false}