{"cameraMode":{"drawMode":0,"name":"Shaded","section":"Shading Mode"},"sceneLighting":false,"audioPlay":false,"sceneViewState":{"showFog":true,"showMaterialUpdate":false,"showSkybox":false,"showFlares":true,"showImageEffects":true,"showParticleSystems":true},"in2DMode":false,"pivot":{"x":0.0063991546630859379,"y":0.22268342971801759,"z":-0.000859379768371582},"rotation":{"x":0.40047988295555117,"y":0.5862962603569031,"z":-0.4102080464363098,"w":0.5723869204521179},"size":2.501805543899536,"orthographic":false}