{"cameraMode":{"drawMode":0,"name":"Shaded","section":"Shading Mode"},"sceneLighting":false,"audioPlay":false,"sceneViewState":{"showFog":true,"showMaterialUpdate":false,"showSkybox":false,"showFlares":true,"showImageEffects":true,"showParticleSystems":true},"in2DMode":false,"pivot":{"x":-0.019723236560821534,"y":0.4360811710357666,"z":0.08763599395751953},"rotation":{"x":0.17128808796405793,"y":0.05499708279967308,"z":-0.00964826438575983,"w":0.9837166666984558},"size":1.247193694114685,"orthographic":false}