{"cameraMode":{"drawMode":0,"name":"Shaded","section":"Shading Mode"},"sceneLighting":false,"audioPlay":false,"sceneViewState":{"showFog":true,"showMaterialUpdate":false,"showSkybox":false,"showFlares":true,"showImageEffects":true,"showParticleSystems":true},"in2DMode":false,"pivot":{"x":0.003591984510421753,"y":0.5155500173568726,"z":0.0169716477394104},"rotation":{"x":0.5229248404502869,"y":0.4770430028438568,"z":-0.5035249590873718,"w":0.4954230487346649},"size":0.6852369904518127,"orthographic":false}