{"cameraMode":{"drawMode":0,"name":"Shaded","section":"Shading Mode"},"sceneLighting":false,"audioPlay":false,"sceneViewState":{"showFog":true,"showMaterialUpdate":false,"showSkybox":false,"showFlares":true,"showImageEffects":true,"showParticleSystems":true},"in2DMode":false,"pivot":{"x":-0.7418516278266907,"y":1.7770262956619263,"z":0.19996817409992219},"rotation":{"x":0.1647610068321228,"y":0.00971767958253622,"z":-0.0016238274984061719,"w":0.9862828254699707},"size":2.0615527629852297,"orthographic":false}