{"cameraMode":{"drawMode":0,"name":"Shaded","section":"Shading Mode"},"sceneLighting":false,"audioPlay":false,"sceneViewState":{"showFog":true,"showMaterialUpdate":false,"showSkybox":false,"showFlares":true,"showImageEffects":true,"showParticleSystems":true},"in2DMode":false,"pivot":{"x":0.0064013004302978519,"y":1.5648983716964722,"z":0.01422792673110962},"rotation":{"x":0.0677710622549057,"y":-0.4383411407470703,"z":0.03316802531480789,"w":0.8956348896026611},"size":3.270375967025757,"orthographic":false}