{"cameraMode":{"drawMode":0,"name":"Shaded","section":"Shading Mode"},"sceneLighting":false,"audioPlay":false,"sceneViewState":{"showFog":true,"showMaterialUpdate":false,"showSkybox":false,"showFlares":true,"showImageEffects":true,"showParticleSystems":true},"in2DMode":false,"pivot":{"x":-106.91630554199219,"y":47.413734436035159,"z":-51.411712646484378},"rotation":{"x":0.03874923288822174,"y":-0.6718930602073669,"z":0.03523704409599304,"w":0.7388084530830383},"size":58.996498107910159,"orthographic":false}