{"cameraMode":{"drawMode":0,"name":"Shaded","section":"Shading Mode"},"sceneLighting":false,"audioPlay":false,"sceneViewState":{"showFog":true,"showMaterialUpdate":false,"showSkybox":false,"showFlares":true,"showImageEffects":true,"showParticleSystems":true},"in2DMode":false,"pivot":{"x":-3.2478837966918947,"y":0.5161975622177124,"z":-105.8165283203125},"rotation":{"x":0.7158883213996887,"y":0.0031402420718222858,"z":-0.003223923034965992,"w":0.6982103586196899},"size":2.9590775966644289,"orthographic":false}