{"cameraMode":{"drawMode":0,"name":"Shaded","section":"Shading Mode"},"sceneLighting":false,"audioPlay":false,"sceneViewState":{"showFog":true,"showMaterialUpdate":false,"showSkybox":false,"showFlares":true,"showImageEffects":true,"showParticleSystems":true},"in2DMode":false,"pivot":{"x":0.0008438825607299805,"y":-0.016353219747543336,"z":0.08835291117429733},"rotation":{"x":-0.12572188675403596,"y":-0.6870713233947754,"z":0.12244153767824173,"w":-0.7051402926445007},"size":0.16205331683158875,"orthographic":false}