{"cameraMode":{"drawMode":0,"name":"Shaded","section":"Shading Mode"},"sceneLighting":false,"audioPlay":false,"sceneViewState":{"showFog":true,"showMaterialUpdate":false,"showSkybox":false,"showFlares":true,"showImageEffects":true,"showParticleSystems":true},"in2DMode":false,"pivot":{"x":-1.5820903778076172,"y":-0.7723816633224487,"z":-116.03230285644531},"rotation":{"x":0.7158883213996887,"y":0.0031402420718222858,"z":-0.003223923034965992,"w":0.6982103586196899},"size":0.6284660696983337,"orthographic":false}