{"cameraMode":{"drawMode":0,"name":"Shaded","section":"Shading Mode"},"sceneLighting":false,"audioPlay":false,"sceneViewState":{"showFog":true,"showMaterialUpdate":false,"showSkybox":false,"showFlares":true,"showImageEffects":true,"showParticleSystems":true},"in2DMode":false,"pivot":{"x":-1.620851755142212,"y":1.473009705543518,"z":-1.404712200164795},"rotation":{"x":0.022672120481729509,"y":0.3808625638484955,"z":-0.009342491626739502,"w":0.9243067502975464},"size":1.9202864170074463,"orthographic":false}