{"cameraMode":{"drawMode":0,"name":"Shaded","section":"Shading Mode"},"sceneLighting":false,"audioPlay":false,"sceneViewState":{"showFog":true,"showMaterialUpdate":false,"showSkybox":false,"showFlares":true,"showImageEffects":true,"showParticleSystems":true},"in2DMode":false,"pivot":{"x":1.3089948892593384,"y":0.8241062164306641,"z":-94.05059814453125},"rotation":{"x":0.7158883213996887,"y":0.0031402420718222858,"z":-0.003223923034965992,"w":0.6982103586196899},"size":2.890489101409912,"orthographic":false}