{"cameraMode":{"drawMode":0,"name":"Shaded","section":"Shading Mode"},"sceneLighting":false,"audioPlay":false,"sceneViewState":{"showFog":true,"showMaterialUpdate":false,"showSkybox":false,"showFlares":true,"showImageEffects":true,"showParticleSystems":true},"in2DMode":false,"pivot":{"x":0.6406669616699219,"y":-0.7148109674453735,"z":-117.15850830078125},"rotation":{"x":0.7158883213996887,"y":0.0031402420718222858,"z":-0.003223923034965992,"w":0.6982103586196899},"size":1.342677354812622,"orthographic":false}