{"cameraMode":{"drawMode":0,"name":"Shaded","section":"Shading Mode"},"sceneLighting":false,"audioPlay":false,"sceneViewState":{"showFog":true,"showMaterialUpdate":false,"showSkybox":false,"showFlares":true,"showImageEffects":true,"showParticleSystems":true},"in2DMode":false,"pivot":{"x":-0.5614596605300903,"y":2.7604551315307619,"z":-0.0756574273109436},"rotation":{"x":0.5473920702934265,"y":-0.024385204538702966,"z":0.015958882868289949,"w":0.8363668322563171},"size":0.8660253882408142,"orthographic":false}