{"cameraMode":{"drawMode":0,"name":"Shaded","section":"Shading Mode"},"sceneLighting":false,"audioPlay":false,"sceneViewState":{"showFog":true,"showMaterialUpdate":false,"showSkybox":false,"showFlares":true,"showImageEffects":true,"showParticleSystems":true},"in2DMode":false,"pivot":{"x":-1.1920928955078126e-7,"y":1.5754122734069825,"z":-1.1920928955078126e-7},"rotation":{"x":-0.12572188675403596,"y":-0.6870713233947754,"z":0.12244153767824173,"w":-0.7051402926445007},"size":2.069356679916382,"orthographic":false}