{"cameraMode":{"drawMode":0,"name":"Shaded","section":"Shading Mode"},"sceneLighting":false,"audioPlay":false,"sceneViewState":{"showFog":true,"showMaterialUpdate":false,"showSkybox":false,"showFlares":true,"showImageEffects":true,"showParticleSystems":true},"in2DMode":false,"pivot":{"x":-0.02668389119207859,"y":0.02111513912677765,"z":-0.15763214230537415},"rotation":{"x":0.20795471966266633,"y":0.0619194433093071,"z":-0.01326412707567215,"w":0.976166307926178},"size":0.1593475043773651,"orthographic":false}