{"cameraMode":{"drawMode":0,"name":"Shaded","section":"Shading Mode"},"sceneLighting":false,"audioPlay":false,"sceneViewState":{"showFog":true,"showMaterialUpdate":false,"showSkybox":false,"showFlares":true,"showImageEffects":true,"showParticleSystems":true},"in2DMode":false,"pivot":{"x":-24.52172088623047,"y":0.144028902053833,"z":-105.27831268310547},"rotation":{"x":0.7158883213996887,"y":0.0031402420718222858,"z":-0.003223923034965992,"w":0.6982103586196899},"size":3.777059555053711,"orthographic":false}