{"cameraMode":{"drawMode":0,"name":"Shaded","section":"Shading Mode"},"sceneLighting":false,"audioPlay":false,"sceneViewState":{"showFog":true,"showMaterialUpdate":false,"showSkybox":true,"showFlares":true,"showImageEffects":true,"showParticleSystems":true},"in2DMode":false,"pivot":{"x":-4.039775848388672,"y":5.34660530090332,"z":-13.469657897949219},"rotation":{"x":0.4771505892276764,"y":0.5127502083778381,"z":-0.42873749136924746,"w":0.5706538558006287},"size":2.2882487773895265,"orthographic":false}